img_name,label
IMG0001416.jpg,0
IMG0002377.jpg,1
IMG0002872.jpg,0
IMG0002020.jpg,1
IMG0001347.jpg,0
IMG0002791.jpg,1
IMG0000231.jpg,0
IMG0000529.jpg,0
IMG0002140.jpg,0
IMG0001235.jpg,0
IMG0001445.jpg,0
IMG0001692.jpg,0
IMG0001596.jpg,0
IMG0002850.jpg,0
IMG0001018.jpg,0
IMG0000368.jpg,0
IMG0003562.jpg,0
IMG0003913.jpg,0
IMG0002272.jpg,1
IMG0002525.jpg,1
IMG0002549.jpg,1
IMG0000421.jpg,0
IMG0002316.jpg,1
IMG0001762.jpg,1
IMG0001341.jpg,0
IMG0003214.jpg,1
IMG0004007.jpg,1
IMG0002326.jpg,1
IMG0002382.jpg,1
IMG0002470.jpg,1
IMG0000135.jpg,0
IMG0003686.jpg,1
IMG0002514.jpg,1
IMG0003308.jpg,1
IMG0001456.jpg,0
IMG0004008.jpg,1
IMG0003489.jpg,0
IMG0002430.jpg,1
IMG0002956.jpg,0
IMG0002542.jpg,1
IMG0001729.jpg,0
IMG0002136.jpg,0
IMG0001185.jpg,0
IMG0001570.jpg,1
IMG0003063.jpg,0
IMG0002070.jpg,0
IMG0003026.jpg,0
IMG0001559.jpg,0
IMG0003710.jpg,0
IMG0002471.jpg,1
IMG0002915.jpg,0
IMG0003467.jpg,1
IMG0004333.jpg,1
IMG0001613.jpg,0
IMG0001632.jpg,0
IMG0003606.jpg,0
IMG0002062.jpg,0
IMG0002731.jpg,1
IMG0003490.jpg,0
IMG0003357.jpg,0
IMG0002380.jpg,1
IMG0002837.jpg,0
IMG0003116.jpg,0
IMG0001188.jpg,0
IMG0000756.jpg,0
IMG0003301.jpg,1
IMG0000984.jpg,0
IMG0003778.jpg,0
IMG0002355.jpg,1
IMG0000950.jpg,0
IMG0002878.jpg,0
IMG0003280.jpg,1
IMG0002699.jpg,0
IMG0002003.jpg,0
IMG0003153.jpg,0
IMG0001731.jpg,1
IMG0003312.jpg,1
IMG0000216.jpg,0
IMG0000188.jpg,1
IMG0003415.jpg,0
IMG0000617.jpg,0
IMG0000358.jpg,0
IMG0003523.jpg,1
IMG0001132.jpg,0
IMG0003422.jpg,0
IMG0000028.jpg,0
IMG0001195.jpg,0
IMG0002598.jpg,1
IMG0002235.jpg,0
IMG0002363.jpg,1
IMG0003775.jpg,0
IMG0003135.jpg,0
IMG0002052.jpg,0
IMG0001953.jpg,0
IMG0002135.jpg,0
IMG0003220.jpg,1
IMG0002543.jpg,1
IMG0002407.jpg,1
IMG0001867.jpg,1
IMG0002766.jpg,0
IMG0002379.jpg,1
IMG0000088.jpg,0
IMG0001539.jpg,0
IMG0001365.jpg,1
IMG0003189.jpg,0
IMG0000604.jpg,0
IMG0002564.jpg,1
IMG0001517.jpg,0
IMG0003648.jpg,0
IMG0002641.jpg,0
IMG0002647.jpg,1
IMG0003278.jpg,0
IMG0001201.jpg,0
IMG0002325.jpg,1
IMG0002311.jpg,1
IMG0001229.jpg,0
IMG0000249.jpg,0
IMG0003444.jpg,0
IMG0001380.jpg,1
IMG0001434.jpg,0
IMG0003372.jpg,0
IMG0002680.jpg,0
IMG0002104.jpg,0
IMG0002481.jpg,1
IMG0001918.jpg,0
IMG0002319.jpg,1
IMG0002204.jpg,0
IMG0004116.jpg,1
IMG0003638.jpg,0
IMG0000362.jpg,0
IMG0002646.jpg,1
IMG0001524.jpg,0
IMG0003298.jpg,1
IMG0003430.jpg,0
IMG0002869.jpg,0
IMG0002431.jpg,1
IMG0001789.jpg,0
IMG0002408.jpg,1
IMG0004072.jpg,1
IMG0003029.jpg,0
IMG0001276.jpg,0
IMG0000875.jpg,0
IMG0003315.jpg,0
IMG0001970.jpg,1
IMG0003832.jpg,0
IMG0003344.jpg,0
IMG0001924.jpg,0
IMG0002804.jpg,0
IMG0002831.jpg,1
IMG0002406.jpg,1
IMG0004223.jpg,0
IMG0003167.jpg,0
IMG0000823.jpg,0
IMG0001429.jpg,0
IMG0002307.jpg,1
IMG0004018.jpg,0
IMG0003811.jpg,0
IMG0002585.jpg,1
IMG0001216.jpg,0
IMG0001597.jpg,0
IMG0001212.jpg,0
IMG0001050.jpg,0
IMG0003727.jpg,0
IMG0001005.jpg,0
IMG0000061.jpg,0
IMG0001173.jpg,0
IMG0000640.jpg,0
IMG0000438.jpg,0
IMG0000962.jpg,0
IMG0002783.jpg,0
IMG0002949.jpg,0
IMG0001128.jpg,0
IMG0000481.jpg,0
IMG0000505.jpg,0
IMG0001852.jpg,0
IMG0003401.jpg,0
IMG0000581.jpg,0
IMG0001354.jpg,0
IMG0001073.jpg,1
IMG0000451.jpg,0
IMG0003424.jpg,0
IMG0003199.jpg,1
IMG0000981.jpg,0
IMG0002985.jpg,0
IMG0000940.jpg,0
IMG0000314.jpg,0
IMG0002596.jpg,1
IMG0001926.jpg,0
IMG0001646.jpg,0
IMG0000005.jpg,0
IMG0001609.jpg,0
IMG0003210.jpg,0
IMG0004092.jpg,0
IMG0002100.jpg,0
IMG0001964.jpg,1
IMG0001706.jpg,0
IMG0000847.jpg,0
IMG0003768.jpg,0
IMG0003475.jpg,0
IMG0002556.jpg,1
IMG0000293.jpg,0
IMG0000975.jpg,0
IMG0002528.jpg,1
IMG0001518.jpg,0
IMG0001853.jpg,0
IMG0002153.jpg,0
IMG0001029.jpg,0
IMG0001267.jpg,0
IMG0000744.jpg,0
IMG0002241.jpg,0
IMG0002039.jpg,0
IMG0000773.jpg,0
IMG0002487.jpg,1
IMG0003893.jpg,1
IMG0000334.jpg,0
IMG0002364.jpg,1
IMG0000915.jpg,0
IMG0003270.jpg,0
IMG0003621.jpg,0
IMG0003564.jpg,1
IMG0000650.jpg,0
IMG0002332.jpg,1
IMG0000125.jpg,0
IMG0001220.jpg,0
IMG0001208.jpg,0
IMG0001804.jpg,0
IMG0001106.jpg,0
IMG0000079.jpg,0
IMG0001506.jpg,0
IMG0002043.jpg,0
IMG0000202.jpg,0
IMG0002526.jpg,1
IMG0002628.jpg,1
IMG0001236.jpg,1
IMG0000502.jpg,0
IMG0002441.jpg,1
IMG0000384.jpg,0
IMG0002346.jpg,1
IMG0004310.jpg,0
IMG0001247.jpg,0
IMG0003378.jpg,0
IMG0002293.jpg,0
IMG0000895.jpg,0
IMG0002809.jpg,1
IMG0002947.jpg,0
IMG0001153.jpg,0
IMG0001749.jpg,0
IMG0002572.jpg,1
IMG0003392.jpg,0
IMG0003746.jpg,0
IMG0002047.jpg,0
IMG0000508.jpg,0
IMG0001994.jpg,0
IMG0001169.jpg,0
IMG0001482.jpg,0
IMG0000998.jpg,0
IMG0000579.jpg,0
IMG0000799.jpg,0
IMG0000693.jpg,0
IMG0000970.jpg,0
IMG0002508.jpg,1
IMG0002230.jpg,0
IMG0001865.jpg,0
IMG0001129.jpg,0
IMG0000589.jpg,0
IMG0003851.jpg,1
IMG0002894.jpg,0
IMG0003758.jpg,0
IMG0002845.jpg,0
IMG0003170.jpg,0
IMG0003571.jpg,0
IMG0000942.jpg,0
IMG0001392.jpg,1
IMG0002605.jpg,1
IMG0002124.jpg,0
IMG0000036.jpg,0
IMG0000937.jpg,0
IMG0001802.jpg,0
IMG0002486.jpg,1
IMG0000804.jpg,1
IMG0000815.jpg,0
IMG0002314.jpg,1
IMG0002442.jpg,1
IMG0000584.jpg,0
IMG0003174.jpg,0
IMG0003616.jpg,0
IMG0002853.jpg,0
IMG0002834.jpg,1
IMG0003925.jpg,1
IMG0001814.jpg,0
IMG0002484.jpg,1
IMG0003341.jpg,1
IMG0002975.jpg,0
IMG0000275.jpg,0
IMG0001701.jpg,0
IMG0000267.jpg,0
IMG0002883.jpg,0
IMG0000923.jpg,0
IMG0001963.jpg,0
IMG0000683.jpg,0
IMG0001780.jpg,1
IMG0003524.jpg,1
IMG0003345.jpg,0
IMG0001391.jpg,1
IMG0001977.jpg,0
IMG0003021.jpg,1
IMG0002349.jpg,1
IMG0002902.jpg,0
IMG0002823.jpg,0
IMG0002925.jpg,0
IMG0000993.jpg,0
IMG0000832.jpg,0
IMG0000534.jpg,0
IMG0002155.jpg,0
IMG0001031.jpg,0
IMG0000226.jpg,0
IMG0001981.jpg,1
IMG0000787.jpg,0
IMG0002483.jpg,1
IMG0000559.jpg,0
IMG0003032.jpg,0
IMG0002792.jpg,0
IMG0000388.jpg,0
IMG0000387.jpg,0
IMG0000436.jpg,0
IMG0002005.jpg,0
IMG0002333.jpg,1
IMG0001714.jpg,0
IMG0002222.jpg,0
IMG0000124.jpg,0
IMG0002500.jpg,1
IMG0000037.jpg,0
IMG0001578.jpg,1
IMG0003696.jpg,0
IMG0003273.jpg,0
IMG0002405.jpg,1
IMG0000899.jpg,0
IMG0001098.jpg,0
IMG0002456.jpg,1
IMG0002501.jpg,1
IMG0002179.jpg,0
IMG0000858.jpg,0
IMG0001644.jpg,0
IMG0003843.jpg,1
IMG0002072.jpg,0
IMG0001971.jpg,1
IMG0002457.jpg,1
IMG0004002.jpg,0
IMG0003722.jpg,0
IMG0002516.jpg,1
IMG0002617.jpg,1
IMG0001870.jpg,1
IMG0003283.jpg,0
IMG0002580.jpg,1
IMG0003020.jpg,1
IMG0002285.jpg,0
IMG0002962.jpg,0
IMG0001537.jpg,0
IMG0001257.jpg,0
IMG0003923.jpg,0
IMG0003049.jpg,0
IMG0000374.jpg,0
IMG0001858.jpg,0
IMG0002595.jpg,1
IMG0003929.jpg,0
IMG0000100.jpg,1
IMG0003232.jpg,0
IMG0001176.jpg,0
IMG0001187.jpg,0
IMG0000551.jpg,0
IMG0002421.jpg,1
IMG0002521.jpg,1
IMG0003918.jpg,0
IMG0003080.jpg,0
IMG0004208.jpg,1
IMG0001753.jpg,0
IMG0002357.jpg,1
IMG0003881.jpg,0
IMG0004105.jpg,0
IMG0001912.jpg,0
IMG0000894.jpg,0
IMG0000035.jpg,0
IMG0002246.jpg,0
IMG0003808.jpg,0
IMG0003509.jpg,1
IMG0000190.jpg,1
IMG0001558.jpg,0
IMG0003229.jpg,0
IMG0000243.jpg,0
IMG0001113.jpg,0
IMG0002105.jpg,1
IMG0000986.jpg,0
IMG0000298.jpg,0
IMG0003406.jpg,0
IMG0000401.jpg,0
IMG0002340.jpg,1
IMG0002610.jpg,1
IMG0002719.jpg,0
IMG0001560.jpg,0
IMG0001221.jpg,0
IMG0002664.jpg,1
IMG0000827.jpg,0
IMG0004278.jpg,0
IMG0003703.jpg,1
IMG0002237.jpg,0
IMG0002240.jpg,0
IMG0001180.jpg,0
IMG0000399.jpg,0
IMG0000903.jpg,0
IMG0002451.jpg,1
IMG0002295.jpg,0
IMG0003066.jpg,0
IMG0001207.jpg,0
IMG0002376.jpg,1
IMG0000809.jpg,0
IMG0000353.jpg,0
IMG0003310.jpg,1
IMG0003099.jpg,0
IMG0000676.jpg,0
IMG0003303.jpg,0
IMG0001781.jpg,1
IMG0001617.jpg,0
IMG0002724.jpg,0
IMG0003383.jpg,1
IMG0001577.jpg,1
IMG0003000.jpg,1
IMG0000228.jpg,0
IMG0001381.jpg,1
IMG0003488.jpg,0
IMG0002173.jpg,0
IMG0000627.jpg,0
IMG0001025.jpg,1
IMG0001296.jpg,0
IMG0004114.jpg,1
IMG0002718.jpg,0
IMG0000834.jpg,0
IMG0001768.jpg,0
IMG0001316.jpg,0
IMG0000805.jpg,1
IMG0001082.jpg,0
IMG0000932.jpg,0
IMG0002365.jpg,1
IMG0003953.jpg,1
IMG0002287.jpg,1
IMG0000151.jpg,1
IMG0003225.jpg,0
IMG0002064.jpg,0
IMG0003691.jpg,0
IMG0003899.jpg,0
IMG0001275.jpg,0
IMG0001536.jpg,0
IMG0001241.jpg,0
IMG0001663.jpg,0
IMG0000647.jpg,0
IMG0002324.jpg,1
IMG0002172.jpg,0
IMG0002394.jpg,1
IMG0000988.jpg,0
IMG0002559.jpg,1
IMG0003266.jpg,1
IMG0000739.jpg,0
IMG0004258.jpg,0
IMG0003513.jpg,0
IMG0001102.jpg,0
IMG0000080.jpg,0
IMG0001274.jpg,0
IMG0001906.jpg,0
IMG0001575.jpg,0
IMG0002504.jpg,1
IMG0001366.jpg,1
IMG0003493.jpg,0
IMG0001827.jpg,0
IMG0002529.jpg,1
IMG0000658.jpg,0
IMG0000635.jpg,0
IMG0000762.jpg,1
IMG0000261.jpg,1
IMG0004389.jpg,0
IMG0000130.jpg,0
IMG0003012.jpg,0
IMG0001139.jpg,0
IMG0002935.jpg,1
IMG0004151.jpg,1
IMG0000754.jpg,0
IMG0002941.jpg,0
IMG0000173.jpg,0
IMG0002461.jpg,1
IMG0003844.jpg,1
IMG0000463.jpg,0
IMG0001658.jpg,0
IMG0002684.jpg,0
IMG0003865.jpg,0
IMG0002948.jpg,0
IMG0002419.jpg,1
IMG0001691.jpg,0
IMG0003395.jpg,1
IMG0001885.jpg,0
IMG0003227.jpg,0
IMG0002536.jpg,1
IMG0002102.jpg,0
IMG0000649.jpg,0
IMG0001344.jpg,0
IMG0002315.jpg,1
IMG0003279.jpg,1
IMG0003077.jpg,1
IMG0000541.jpg,0
IMG0003309.jpg,1
IMG0003770.jpg,1
IMG0000319.jpg,1
IMG0003798.jpg,1
IMG0000860.jpg,0
IMG0003300.jpg,0
IMG0001743.jpg,0
IMG0002782.jpg,0
IMG0003668.jpg,0
IMG0002344.jpg,1
IMG0000812.jpg,0
IMG0002362.jpg,1
IMG0003671.jpg,1
IMG0002371.jpg,1
IMG0002309.jpg,1
IMG0003569.jpg,1
IMG0004044.jpg,1
IMG0003619.jpg,1
IMG0000565.jpg,0
IMG0002375.jpg,1
IMG0000206.jpg,1
IMG0000405.jpg,0
IMG0002849.jpg,1
IMG0001864.jpg,0
IMG0002051.jpg,0
IMG0000339.jpg,0
IMG0001410.jpg,1
IMG0002796.jpg,0
IMG0002447.jpg,1
IMG0000000.jpg,0
IMG0002582.jpg,1
IMG0001136.jpg,0
IMG0003218.jpg,1
IMG0003465.jpg,0
IMG0001194.jpg,0
IMG0002539.jpg,1
IMG0003318.jpg,0
IMG0002108.jpg,0
IMG0000702.jpg,1
IMG0001167.jpg,0
IMG0001542.jpg,0
IMG0001384.jpg,0
IMG0000121.jpg,0
IMG0002844.jpg,0
IMG0001625.jpg,0
IMG0000782.jpg,0
IMG0003185.jpg,0
IMG0002625.jpg,0
IMG0000276.jpg,0
IMG0001006.jpg,0
IMG0001200.jpg,1
IMG0003596.jpg,0
IMG0000751.jpg,1
IMG0002609.jpg,1
IMG0002913.jpg,0
IMG0002710.jpg,0
IMG0001505.jpg,0
IMG0002698.jpg,0
IMG0000712.jpg,0
IMG0002958.jpg,0
IMG0002317.jpg,1
IMG0002414.jpg,1
IMG0000168.jpg,0
IMG0001374.jpg,0
IMG0003143.jpg,0
IMG0002544.jpg,1
IMG0003262.jpg,0
IMG0003481.jpg,0
IMG0000156.jpg,1
IMG0002303.jpg,1
IMG0002980.jpg,1
IMG0002236.jpg,0
IMG0003374.jpg,1
IMG0002513.jpg,1
IMG0003620.jpg,1
IMG0003313.jpg,1
IMG0001899.jpg,0
IMG0001995.jpg,0
IMG0002593.jpg,1
IMG0003289.jpg,0
IMG0002843.jpg,0
IMG0000477.jpg,0
IMG0002338.jpg,1
IMG0003713.jpg,1
IMG0002638.jpg,0
IMG0002734.jpg,0
IMG0002611.jpg,1
IMG0003486.jpg,0
IMG0001407.jpg,0
IMG0003525.jpg,0
IMG0000348.jpg,0
IMG0000131.jpg,0
IMG0003469.jpg,0
IMG0002306.jpg,1
IMG0000324.jpg,0
IMG0002385.jpg,1
IMG0000896.jpg,0
IMG0004262.jpg,1
IMG0001234.jpg,0
IMG0003230.jpg,0
IMG0003497.jpg,0
IMG0000402.jpg,0
IMG0002570.jpg,1
IMG0002650.jpg,1
IMG0001245.jpg,0
IMG0000225.jpg,0
IMG0003677.jpg,0
IMG0003317.jpg,0
IMG0001763.jpg,1
IMG0003673.jpg,0
IMG0004233.jpg,1
IMG0002464.jpg,1
IMG0000296.jpg,0
IMG0002401.jpg,1
IMG0000692.jpg,1
IMG0000140.jpg,0
IMG0000554.jpg,0
IMG0000078.jpg,0
IMG0003391.jpg,0
IMG0003215.jpg,0
IMG0000655.jpg,0
IMG0000507.jpg,0
IMG0001165.jpg,0
IMG0002480.jpg,1
IMG0003435.jpg,0
IMG0003348.jpg,0
IMG0004299.jpg,0
IMG0000772.jpg,0
IMG0001773.jpg,0
IMG0001152.jpg,1
IMG0002584.jpg,1
IMG0003398.jpg,1
IMG0000865.jpg,0
IMG0003570.jpg,0
IMG0000824.jpg,0
IMG0003831.jpg,0
IMG0002086.jpg,1
IMG0002806.jpg,0
IMG0002668.jpg,1
IMG0002261.jpg,0
IMG0002686.jpg,0
IMG0002420.jpg,1
IMG0002981.jpg,0
IMG0000709.jpg,0
IMG0002499.jpg,1
IMG0000540.jpg,0
IMG0000457.jpg,0
IMG0003709.jpg,0
IMG0002923.jpg,0
IMG0000306.jpg,0
IMG0003295.jpg,0
IMG0004098.jpg,0
IMG0003047.jpg,0
IMG0002041.jpg,0
IMG0001361.jpg,1
IMG0001403.jpg,0
IMG0001817.jpg,0
IMG0001766.jpg,0
IMG0002048.jpg,0
IMG0000546.jpg,0
IMG0002226.jpg,0
IMG0000057.jpg,1
IMG0003109.jpg,0
IMG0003412.jpg,0
IMG0000033.jpg,0
IMG0001479.jpg,0
IMG0002386.jpg,1
IMG0001951.jpg,0
IMG0003396.jpg,1
IMG0002866.jpg,0
IMG0001494.jpg,1
IMG0002439.jpg,1
IMG0003684.jpg,0
IMG0003672.jpg,0
IMG0002181.jpg,1
IMG0004045.jpg,1
IMG0004375.jpg,1
IMG0002768.jpg,1
IMG0001159.jpg,0
IMG0000776.jpg,1
IMG0001933.jpg,1
IMG0000120.jpg,0
IMG0002302.jpg,1
IMG0003003.jpg,0
IMG0000284.jpg,1
IMG0000042.jpg,0
IMG0000493.jpg,0
IMG0004028.jpg,0
IMG0001358.jpg,0
IMG0004123.jpg,0
IMG0003093.jpg,1
IMG0003249.jpg,0
IMG0000906.jpg,0
IMG0003825.jpg,0
IMG0002550.jpg,1
IMG0002581.jpg,1
IMG0000864.jpg,0
IMG0002434.jpg,1
IMG0000543.jpg,0
IMG0001824.jpg,0
IMG0003183.jpg,1
IMG0001411.jpg,1
IMG0001272.jpg,0
IMG0000660.jpg,0
IMG0000075.jpg,0
IMG0001252.jpg,0
IMG0000472.jpg,1
IMG0003175.jpg,0
IMG0000485.jpg,0
IMG0003134.jpg,0
IMG0001717.jpg,0
IMG0001206.jpg,0
IMG0002018.jpg,0
IMG0004194.jpg,0
IMG0001120.jpg,0
IMG0004371.jpg,0
IMG0000366.jpg,0
IMG0000927.jpg,0
IMG0002040.jpg,0
IMG0003023.jpg,0
IMG0003306.jpg,0
IMG0004019.jpg,0
IMG0003952.jpg,1
IMG0001621.jpg,0
IMG0000185.jpg,0
IMG0003162.jpg,0
IMG0001074.jpg,0
IMG0000345.jpg,0
IMG0001442.jpg,0
IMG0000092.jpg,1
IMG0002473.jpg,1
IMG0001078.jpg,0
IMG0003622.jpg,0
IMG0003217.jpg,1
IMG0002278.jpg,0
IMG0003872.jpg,0
IMG0000523.jpg,0
IMG0002341.jpg,1
IMG0000846.jpg,0
IMG0000365.jpg,0
IMG0003197.jpg,0
IMG0002709.jpg,0
IMG0001938.jpg,1
IMG0001857.jpg,0
IMG0002008.jpg,0
IMG0004209.jpg,1
IMG0003546.jpg,0
IMG0001868.jpg,1
IMG0004182.jpg,0
IMG0002653.jpg,1
IMG0002494.jpg,1
IMG0002250.jpg,0
IMG0003594.jpg,0
IMG0003854.jpg,0
IMG0003756.jpg,0
IMG0000671.jpg,1
IMG0003654.jpg,1
IMG0001461.jpg,0
IMG0000223.jpg,0
IMG0003838.jpg,0
IMG0002168.jpg,0
IMG0002503.jpg,1
IMG0002937.jpg,0
IMG0004287.jpg,0
IMG0002545.jpg,1
IMG0000811.jpg,0
IMG0000395.jpg,0
IMG0003426.jpg,0
IMG0002635.jpg,0
IMG0001639.jpg,1
IMG0000161.jpg,0
IMG0003572.jpg,0
IMG0003058.jpg,0
IMG0001538.jpg,0
IMG0000171.jpg,0
IMG0002016.jpg,0
IMG0000695.jpg,0
IMG0003492.jpg,0
IMG0002702.jpg,0
IMG0002750.jpg,1
IMG0003399.jpg,1
IMG0003387.jpg,0
IMG0000021.jpg,0
IMG0002469.jpg,1
IMG0003889.jpg,0
IMG0002290.jpg,0
IMG0000229.jpg,0
IMG0000192.jpg,0
IMG0004374.jpg,1
IMG0002657.jpg,0
IMG0001948.jpg,1
IMG0003532.jpg,0
IMG0001107.jpg,0
IMG0001562.jpg,0
IMG0002177.jpg,0
IMG0001765.jpg,0
IMG0003964.jpg,0
IMG0002751.jpg,0
IMG0000868.jpg,0
IMG0001342.jpg,0
IMG0004161.jpg,0
IMG0000648.jpg,0
IMG0002691.jpg,0
IMG0004376.jpg,1
IMG0001386.jpg,0
IMG0000435.jpg,0
IMG0004206.jpg,1
IMG0000631.jpg,0
IMG0003447.jpg,0
IMG0001269.jpg,0
IMG0003588.jpg,1
IMG0004067.jpg,1
IMG0001041.jpg,1
IMG0004236.jpg,0
IMG0003852.jpg,1
IMG0000654.jpg,0
IMG0002154.jpg,0
IMG0001213.jpg,0
IMG0002453.jpg,1
IMG0000162.jpg,0
IMG0002073.jpg,0
IMG0002558.jpg,1
IMG0001305.jpg,0
IMG0001477.jpg,0
IMG0000259.jpg,0
IMG0000398.jpg,0
IMG0003812.jpg,1
IMG0002036.jpg,1
IMG0004073.jpg,0
IMG0002000.jpg,0
IMG0000548.jpg,0
IMG0003228.jpg,0
IMG0001485.jpg,0
IMG0000484.jpg,0
IMG0002233.jpg,0
IMG0003400.jpg,0
IMG0001277.jpg,0
IMG0002288.jpg,0
IMG0001718.jpg,0
IMG0003723.jpg,0
IMG0002400.jpg,1
IMG0003200.jpg,1
IMG0002465.jpg,1
IMG0001684.jpg,0
IMG0001390.jpg,0
IMG0000199.jpg,0
IMG0003155.jpg,0
IMG0002336.jpg,1
IMG0000496.jpg,0
IMG0004232.jpg,1
IMG0000963.jpg,0
IMG0002881.jpg,0
IMG0003665.jpg,0
IMG0003368.jpg,0
IMG0002998.jpg,1
IMG0003297.jpg,1
IMG0002234.jpg,0
IMG0002466.jpg,1
IMG0000620.jpg,0
IMG0000027.jpg,0
IMG0000020.jpg,0
IMG0000483.jpg,0
IMG0001075.jpg,0
IMG0000672.jpg,0
IMG0003239.jpg,0
IMG0003445.jpg,0
IMG0001038.jpg,0
IMG0000427.jpg,0
IMG0002498.jpg,1
IMG0002577.jpg,1
IMG0001400.jpg,0
IMG0001191.jpg,1
IMG0002966.jpg,0
IMG0001786.jpg,0
IMG0000142.jpg,1
IMG0002493.jpg,1
IMG0003848.jpg,1
IMG0002541.jpg,1
IMG0000935.jpg,0
IMG0002460.jpg,1
IMG0001035.jpg,0
IMG0000193.jpg,0
IMG0003834.jpg,0
IMG0000307.jpg,1
IMG0000002.jpg,0
IMG0004193.jpg,0
IMG0002546.jpg,1
IMG0003943.jpg,1
IMG0002265.jpg,1
IMG0003795.jpg,0
IMG0003033.jpg,0
IMG0001832.jpg,0
IMG0001997.jpg,0
IMG0003538.jpg,0
IMG0000082.jpg,0
IMG0002367.jpg,1
IMG0002589.jpg,1
IMG0004217.jpg,1
IMG0001378.jpg,0
IMG0002746.jpg,1
IMG0002842.jpg,0
IMG0000204.jpg,0
IMG0000106.jpg,0
IMG0001170.jpg,0
IMG0003797.jpg,1
IMG0002131.jpg,0
IMG0002979.jpg,1
IMG0004109.jpg,0
IMG0000769.jpg,0
IMG0003166.jpg,0
IMG0004009.jpg,1
IMG0003786.jpg,1
IMG0001649.jpg,0
IMG0003860.jpg,0
IMG0001859.jpg,0
IMG0002608.jpg,1
IMG0001357.jpg,0
IMG0003307.jpg,0
IMG0004087.jpg,0
IMG0002530.jpg,1
IMG0003982.jpg,0
IMG0004356.jpg,1
IMG0003146.jpg,1
IMG0000047.jpg,0
IMG0000361.jpg,0
IMG0000777.jpg,1
IMG0002440.jpg,1
IMG0002249.jpg,0
IMG0000775.jpg,0
IMG0000246.jpg,0
IMG0004113.jpg,1
IMG0002524.jpg,1
IMG0000720.jpg,0
IMG0001335.jpg,0
IMG0003721.jpg,0
IMG0004207.jpg,1
IMG0000024.jpg,0
IMG0002296.jpg,0
IMG0002772.jpg,0
IMG0003137.jpg,0
IMG0000184.jpg,0
IMG0002560.jpg,1
IMG0003503.jpg,0
IMG0002757.jpg,0
IMG0002069.jpg,0
IMG0002321.jpg,1
IMG0003145.jpg,0
IMG0003586.jpg,1
IMG0003810.jpg,1
IMG0002735.jpg,0
IMG0003502.jpg,0
IMG0001516.jpg,0
IMG0000553.jpg,0
IMG0003589.jpg,1
IMG0002485.jpg,1
IMG0000220.jpg,0
IMG0002378.jpg,1
IMG0001068.jpg,0
IMG0000615.jpg,0
IMG0003734.jpg,1
IMG0003169.jpg,0
IMG0000492.jpg,0
IMG0001796.jpg,0
IMG0002351.jpg,1
IMG0001423.jpg,0
IMG0002330.jpg,1
IMG0000242.jpg,0
IMG0002352.jpg,1
IMG0000245.jpg,0
IMG0001291.jpg,0
IMG0001469.jpg,0
IMG0001089.jpg,0
IMG0001585.jpg,0
IMG0001360.jpg,1
IMG0001626.jpg,0
IMG0003202.jpg,0
IMG0002397.jpg,1
IMG0003578.jpg,0
IMG0003419.jpg,1
IMG0002645.jpg,0
IMG0002884.jpg,0
IMG0002496.jpg,1
IMG0003871.jpg,1
IMG0002322.jpg,1
IMG0002945.jpg,1
IMG0002329.jpg,1
IMG0003122.jpg,0
IMG0002132.jpg,0
IMG0001843.jpg,0
IMG0001007.jpg,1
IMG0002720.jpg,0
IMG0002312.jpg,1
IMG0003234.jpg,1
IMG0000461.jpg,0
IMG0001450.jpg,0
IMG0002354.jpg,1
IMG0001634.jpg,0
IMG0001910.jpg,0
IMG0002904.jpg,1
IMG0000281.jpg,0
IMG0001473.jpg,0
IMG0004260.jpg,0
IMG0002588.jpg,1
IMG0001872.jpg,0
IMG0002091.jpg,0
IMG0002147.jpg,0
IMG0002455.jpg,1
IMG0001900.jpg,0
IMG0003745.jpg,0
IMG0001214.jpg,0
IMG0002574.jpg,1
IMG0003926.jpg,1
IMG0000085.jpg,0
IMG0002368.jpg,1
IMG0002232.jpg,0
IMG0000900.jpg,0
IMG0002527.jpg,1
IMG0002938.jpg,0
IMG0002467.jpg,1
IMG0002579.jpg,1
IMG0001351.jpg,1
IMG0002054.jpg,0
IMG0000539.jpg,0
IMG0004267.jpg,1
IMG0003299.jpg,0
IMG0002749.jpg,1
IMG0003233.jpg,1
IMG0001427.jpg,0
IMG0002417.jpg,1
IMG0002369.jpg,1
IMG0002701.jpg,1
IMG0001513.jpg,0
IMG0001249.jpg,0
IMG0004134.jpg,0
IMG0000411.jpg,0
IMG0000189.jpg,1
IMG0001230.jpg,0
IMG0003819.jpg,1
IMG0003912.jpg,0
IMG0002743.jpg,0
IMG0001150.jpg,0
IMG0000335.jpg,0
IMG0003017.jpg,0
IMG0002586.jpg,1
IMG0002410.jpg,1
IMG0002578.jpg,1
IMG0003260.jpg,0
IMG0002977.jpg,0
IMG0002700.jpg,0
IMG0002732.jpg,1
IMG0001519.jpg,0
IMG0002607.jpg,1
IMG0001443.jpg,0
IMG0003767.jpg,1
IMG0003649.jpg,0
IMG0003007.jpg,0
IMG0001303.jpg,0
IMG0002965.jpg,0
IMG0004145.jpg,0
IMG0003653.jpg,1
IMG0001550.jpg,0
IMG0000115.jpg,0
IMG0002409.jpg,1
IMG0003038.jpg,0
IMG0001645.jpg,0
IMG0000201.jpg,0
IMG0002606.jpg,1
IMG0003466.jpg,1
IMG0002271.jpg,0
IMG0001362.jpg,1
IMG0000263.jpg,0
IMG0000740.jpg,0
IMG0000691.jpg,0
IMG0003942.jpg,1
IMG0000910.jpg,0
IMG0000039.jpg,0
IMG0000859.jpg,0
IMG0003519.jpg,1
IMG0000031.jpg,0
IMG0002780.jpg,0
IMG0002870.jpg,0
IMG0002576.jpg,1
IMG0004043.jpg,1
IMG0001121.jpg,0
IMG0000706.jpg,0
IMG0000308.jpg,0
IMG0003178.jpg,0
IMG0001432.jpg,0
IMG0000791.jpg,0
IMG0002422.jpg,1
IMG0002213.jpg,0
IMG0000006.jpg,0
IMG0003598.jpg,0
IMG0001888.jpg,0
IMG0003331.jpg,1
IMG0004010.jpg,1
IMG0001584.jpg,0
IMG0003024.jpg,0
IMG0001834.jpg,0
IMG0002022.jpg,0
IMG0002753.jpg,0
IMG0003192.jpg,0
IMG0003629.jpg,0
IMG0000317.jpg,0
IMG0002395.jpg,1
IMG0001643.jpg,0
IMG0001730.jpg,1
IMG0003752.jpg,0
IMG0002183.jpg,0
IMG0000974.jpg,0
IMG0001583.jpg,0
IMG0001511.jpg,0
IMG0001508.jpg,0
IMG0002562.jpg,1
IMG0003115.jpg,0
IMG0001922.jpg,0
IMG0003543.jpg,0
IMG0000253.jpg,0
IMG0000443.jpg,1
IMG0003062.jpg,0
IMG0002219.jpg,0
IMG0004060.jpg,0
IMG0000452.jpg,0
IMG0000172.jpg,0
IMG0001591.jpg,0
IMG0002294.jpg,0
IMG0000256.jpg,0
IMG0001440.jpg,1
IMG0001062.jpg,0
IMG0001581.jpg,0
IMG0002567.jpg,1
IMG0000406.jpg,0
IMG0004349.jpg,1
IMG0002448.jpg,1
IMG0001869.jpg,1
IMG0002032.jpg,0
IMG0000355.jpg,0
IMG0003712.jpg,1
IMG0000538.jpg,0
IMG0002970.jpg,1
IMG0002538.jpg,1
IMG0003868.jpg,0
IMG0002180.jpg,1
IMG0000801.jpg,1
IMG0001481.jpg,0
IMG0001587.jpg,0
IMG0001794.jpg,0
IMG0004297.jpg,0
IMG0001151.jpg,1
IMG0001693.jpg,0
IMG0003658.jpg,0
IMG0002681.jpg,0
IMG0002092.jpg,0
IMG0000471.jpg,1
IMG0001108.jpg,0
IMG0001079.jpg,0
IMG0002343.jpg,1
IMG0003864.jpg,0
IMG0002468.jpg,1
IMG0003198.jpg,0
IMG0002308.jpg,1
IMG0002373.jpg,1
IMG0003556.jpg,0
IMG0004096.jpg,0
IMG0001227.jpg,0
IMG0002207.jpg,0
IMG0001441.jpg,1
IMG0004307.jpg,0
IMG0003617.jpg,0
IMG0001973.jpg,0
IMG0000058.jpg,1
IMG0002505.jpg,1
IMG0002477.jpg,1
IMG0003922.jpg,0
IMG0003604.jpg,0
IMG0001737.jpg,0
IMG0003179.jpg,0
IMG0003944.jpg,0
IMG0000087.jpg,0
IMG0003906.jpg,1
IMG0003821.jpg,1
IMG0003337.jpg,0
IMG0001541.jpg,0
IMG0003294.jpg,1
IMG0002454.jpg,1
IMG0002879.jpg,0
IMG0002068.jpg,0
IMG0002569.jpg,1
IMG0002612.jpg,1
IMG0000418.jpg,0
IMG0001989.jpg,0
IMG0002396.jpg,1
IMG0003101.jpg,1
IMG0000480.jpg,1
IMG0000052.jpg,0
IMG0002443.jpg,1
IMG0002726.jpg,0
IMG0001428.jpg,1
IMG0000323.jpg,0
IMG0001571.jpg,1
IMG0002305.jpg,1
IMG0000455.jpg,1
IMG0000271.jpg,0
IMG0002389.jpg,1
IMG0002704.jpg,1
IMG0002106.jpg,1
IMG0004265.jpg,0
IMG0002390.jpg,1
IMG0003068.jpg,0
IMG0000731.jpg,0
IMG0002310.jpg,1
IMG0002864.jpg,0
IMG0001551.jpg,0
IMG0002491.jpg,1
IMG0002335.jpg,1
IMG0003870.jpg,1
IMG0000689.jpg,0
IMG0003849.jpg,0
IMG0001418.jpg,0
IMG0000941.jpg,0
IMG0003334.jpg,0
IMG0003565.jpg,1
IMG0003323.jpg,0
IMG0003664.jpg,0
IMG0000629.jpg,0
IMG0002790.jpg,1
IMG0001154.jpg,0
IMG0002591.jpg,1
IMG0002512.jpg,1
IMG0003265.jpg,1
IMG0002432.jpg,1
IMG0003462.jpg,0
IMG0001265.jpg,0
IMG0003704.jpg,1
IMG0001377.jpg,0
IMG0000385.jpg,0
IMG0001193.jpg,0
IMG0002676.jpg,0
IMG0001172.jpg,0
IMG0003628.jpg,1
IMG0002081.jpg,0
IMG0002462.jpg,1
IMG0002137.jpg,0
IMG0003443.jpg,0
IMG0002449.jpg,1
IMG0002356.jpg,1
IMG0000644.jpg,0
IMG0002767.jpg,0
IMG0002388.jpg,1
IMG0003520.jpg,1
IMG0002225.jpg,1
IMG0003859.jpg,0
IMG0001240.jpg,0
IMG0003836.jpg,0
IMG0004011.jpg,0
IMG0003381.jpg,1
IMG0000575.jpg,0
IMG0002974.jpg,0
IMG0002320.jpg,1
IMG0001131.jpg,0
IMG0002203.jpg,0
IMG0002374.jpg,1
IMG0001238.jpg,0
IMG0003022.jpg,0
IMG0002411.jpg,1
IMG0002519.jpg,1
IMG0002103.jpg,0
IMG0003258.jpg,0
IMG0000428.jpg,0
IMG0003067.jpg,0
IMG0003397.jpg,1
IMG0001890.jpg,0
IMG0001822.jpg,0
IMG0003304.jpg,0
IMG0002594.jpg,1
IMG0001712.jpg,0
IMG0001280.jpg,0
IMG0000781.jpg,0
IMG0001401.jpg,0
IMG0000230.jpg,0
IMG0000144.jpg,1
IMG0003847.jpg,1
IMG0002398.jpg,1
IMG0002342.jpg,1
IMG0002557.jpg,1
IMG0002416.jpg,1
IMG0002540.jpg,1
IMG0001262.jpg,0
IMG0000976.jpg,0
IMG0000949.jpg,0
IMG0001036.jpg,0
IMG0002847.jpg,1
IMG0001114.jpg,0
IMG0003106.jpg,0
IMG0002535.jpg,1
IMG0002547.jpg,1
IMG0003697.jpg,0
IMG0004169.jpg,0
IMG0003158.jpg,0
IMG0002858.jpg,0
IMG0001972.jpg,0
IMG0002706.jpg,0
IMG0003096.jpg,0
IMG0001273.jpg,0
IMG0003002.jpg,0
IMG0004154.jpg,0
IMG0003591.jpg,0
IMG0002908.jpg,0
IMG0003954.jpg,1
IMG0000588.jpg,0
IMG0003537.jpg,0
IMG0003940.jpg,0
IMG0003293.jpg,1
IMG0002123.jpg,1
IMG0003766.jpg,1
IMG0000806.jpg,0
IMG0001100.jpg,0
IMG0000479.jpg,1
IMG0003194.jpg,0
IMG0003207.jpg,0
IMG0000943.jpg,0
IMG0002381.jpg,1
IMG0001677.jpg,0
IMG0000025.jpg,1
IMG0002387.jpg,1
IMG0004178.jpg,0
IMG0001600.jpg,0
IMG0001736.jpg,0
IMG0002090.jpg,0
IMG0003685.jpg,1
IMG0003052.jpg,0
IMG0002762.jpg,0
IMG0001115.jpg,0
IMG0003707.jpg,0
IMG0000044.jpg,1
IMG0000830.jpg,0
IMG0001393.jpg,0
IMG0002518.jpg,1
IMG0001014.jpg,0
IMG0000117.jpg,0
IMG0002095.jpg,0
IMG0003737.jpg,0
IMG0001306.jpg,0
IMG0002622.jpg,1
IMG0000749.jpg,0
IMG0001606.jpg,0
IMG0000919.jpg,0
IMG0002674.jpg,0
IMG0001949.jpg,0
IMG0000084.jpg,0
IMG0000983.jpg,0
IMG0002587.jpg,1
IMG0003182.jpg,1
IMG0000433.jpg,0
IMG0001875.jpg,0
IMG0002418.jpg,1
IMG0003224.jpg,0
IMG0000453.jpg,1
IMG0003573.jpg,0
IMG0002399.jpg,1
IMG0003801.jpg,0
IMG0002472.jpg,1
IMG0002345.jpg,1
IMG0002214.jpg,0
IMG0002446.jpg,1
IMG0002968.jpg,0
IMG0000995.jpg,0
IMG0001364.jpg,1
IMG0002134.jpg,0
IMG0003867.jpg,0
IMG0003477.jpg,1
IMG0002488.jpg,1
IMG0003998.jpg,0
IMG0002479.jpg,1
IMG0001339.jpg,0
IMG0003035.jpg,1
IMG0000763.jpg,1
IMG0001077.jpg,0
IMG0002971.jpg,1
IMG0001219.jpg,0
IMG0001313.jpg,0
IMG0004149.jpg,0
IMG0000467.jpg,1
IMG0003557.jpg,0
IMG0001862.jpg,0
IMG0003320.jpg,0
IMG0000990.jpg,0
IMG0003820.jpg,1
IMG0001887.jpg,0
IMG0003484.jpg,0
IMG0002452.jpg,1
IMG0003382.jpg,1
IMG0001197.jpg,0
IMG0002871.jpg,0
IMG0000925.jpg,0
IMG0001026.jpg,1
IMG0002829.jpg,0
IMG0002599.jpg,1
IMG0002636.jpg,0
IMG0000924.jpg,0
IMG0003635.jpg,0
IMG0000852.jpg,1
IMG0003866.jpg,0
IMG0001446.jpg,0
IMG0002619.jpg,1
IMG0001395.jpg,0
IMG0003133.jpg,0
IMG0002129.jpg,0
IMG0002721.jpg,0
IMG0001119.jpg,0
IMG0000727.jpg,0
IMG0000851.jpg,1
IMG0002926.jpg,0
IMG0003254.jpg,1
IMG0000703.jpg,0
IMG0002903.jpg,0
IMG0003376.jpg,0
IMG0003112.jpg,1
IMG0001109.jpg,0
IMG0004369.jpg,1
IMG0000386.jpg,0
IMG0003159.jpg,0
IMG0001019.jpg,0
IMG0000687.jpg,0
IMG0002350.jpg,1
IMG0002021.jpg,1
IMG0001320.jpg,0
IMG0003793.jpg,0
IMG0002210.jpg,0
IMG0001656.jpg,0
IMG0000466.jpg,1
IMG0001697.jpg,0
IMG0000065.jpg,0
IMG0001761.jpg,0
IMG0001837.jpg,0
IMG0002415.jpg,1
IMG0003030.jpg,0
IMG0002828.jpg,0
IMG0003667.jpg,0
IMG0000285.jpg,0
IMG0001798.jpg,0
IMG0003955.jpg,1
IMG0000054.jpg,0
IMG0004320.jpg,1
IMG0001790.jpg,0
IMG0002678.jpg,0
IMG0001664.jpg,0
IMG0001942.jpg,0
IMG0002438.jpg,1
IMG0003353.jpg,0
IMG0000396.jpg,0
IMG0001532.jpg,0
IMG0003780.jpg,0
IMG0002627.jpg,1
IMG0002590.jpg,1
IMG0000770.jpg,0
IMG0000813.jpg,0
IMG0000857.jpg,0
IMG0001495.jpg,1
IMG0000593.jpg,0
IMG0000097.jpg,0
IMG0002633.jpg,0
IMG0002618.jpg,0
IMG0004061.jpg,1
IMG0001809.jpg,0
IMG0002444.jpg,1
IMG0003655.jpg,0
IMG0003251.jpg,0
IMG0001367.jpg,1
IMG0002517.jpg,1
IMG0003429.jpg,0
IMG0002269.jpg,0
IMG0002194.jpg,0
IMG0003325.jpg,0
IMG0000134.jpg,0
IMG0001181.jpg,0
IMG0002348.jpg,1
IMG0000040.jpg,0
IMG0001563.jpg,0
IMG0002060.jpg,0
IMG0001965.jpg,1
IMG0000019.jpg,1
IMG0003140.jpg,0
IMG0001678.jpg,0
IMG0000512.jpg,0
IMG0004150.jpg,1
IMG0004279.jpg,0
IMG0002677.jpg,0
IMG0000520.jpg,0
IMG0002478.jpg,1
IMG0000241.jpg,0
IMG0003857.jpg,0
IMG0002523.jpg,1
IMG0000675.jpg,0
IMG0000381.jpg,0
IMG0003087.jpg,0
IMG0003577.jpg,0
IMG0002742.jpg,0
IMG0003818.jpg,0
IMG0002604.jpg,1
IMG0001689.jpg,0
IMG0002553.jpg,1
IMG0002506.jpg,1
IMG0001659.jpg,0
IMG0003551.jpg,0
IMG0002370.jpg,1
IMG0001586.jpg,0
IMG0003587.jpg,1
IMG0002323.jpg,1
IMG0002841.jpg,0
IMG0002413.jpg,1
IMG0000686.jpg,0
IMG0001157.jpg,0
IMG0002821.jpg,0
IMG0003566.jpg,0
IMG0002358.jpg,1
IMG0002756.jpg,0
IMG0002361.jpg,1
IMG0000250.jpg,0
IMG0001605.jpg,0
IMG0001087.jpg,0
IMG0001261.jpg,0
IMG0001388.jpg,0
IMG0002563.jpg,1
IMG0000310.jpg,0
IMG0003342.jpg,1
IMG0000752.jpg,0
IMG0003144.jpg,0
IMG0001572.jpg,1
IMG0002178.jpg,0
IMG0002666.jpg,0
IMG0003599.jpg,0
IMG0002602.jpg,1
IMG0003184.jpg,1
IMG0003471.jpg,0
IMG0002327.jpg,1
IMG0002208.jpg,1
IMG0003779.jpg,0
IMG0001694.jpg,0
IMG0000638.jpg,0
IMG0001192.jpg,1
IMG0002575.jpg,1
IMG0003420.jpg,1
IMG0000662.jpg,0
IMG0001263.jpg,0
IMG0003085.jpg,0
IMG0002511.jpg,1
IMG0000352.jpg,1
IMG0002331.jpg,1
IMG0001945.jpg,0
IMG0002707.jpg,0
IMG0000441.jpg,0
IMG0000214.jpg,0
IMG0002682.jpg,0
IMG0003092.jpg,0
IMG0000562.jpg,0
IMG0001883.jpg,0
IMG0002705.jpg,1
IMG0000215.jpg,0
IMG0001871.jpg,0
IMG0001060.jpg,0
IMG0004304.jpg,0
IMG0003545.jpg,1
IMG0003001.jpg,1
IMG0002433.jpg,1
IMG0002687.jpg,0
IMG0001873.jpg,0
IMG0000456.jpg,1
IMG0003769.jpg,0
IMG0002429.jpg,1
IMG0002833.jpg,1
IMG0003121.jpg,1
IMG0002597.jpg,1
IMG0002017.jpg,0
IMG0002162.jpg,0
IMG0000050.jpg,0
IMG0002169.jpg,0
IMG0001576.jpg,0
IMG0001372.jpg,0
IMG0001681.jpg,0
IMG0004071.jpg,1
IMG0001156.jpg,0
IMG0000959.jpg,0
IMG0000237.jpg,0
IMG0002428.jpg,1
IMG0001124.jpg,0
IMG0003461.jpg,0
IMG0000628.jpg,0
IMG0001849.jpg,0
IMG0001350.jpg,1
IMG0001030.jpg,0
IMG0002463.jpg,1
IMG0002987.jpg,1
IMG0003356.jpg,0
IMG0001651.jpg,0
IMG0003802.jpg,0
IMG0002122.jpg,1
IMG0001546.jpg,1
IMG0002522.jpg,1
IMG0000831.jpg,0
IMG0000337.jpg,0
IMG0001842.jpg,0
IMG0002492.jpg,1
IMG0000856.jpg,0
IMG0001319.jpg,0
IMG0002300.jpg,1
IMG0000291.jpg,0
IMG0002673.jpg,0
IMG0000107.jpg,0
IMG0003495.jpg,0
IMG0002015.jpg,0
IMG0002298.jpg,1
IMG0002537.jpg,1
IMG0004285.jpg,0
IMG0001523.jpg,0
IMG0000757.jpg,0
IMG0000653.jpg,0
IMG0000143.jpg,1
IMG0000509.jpg,0
IMG0002339.jpg,1
IMG0000239.jpg,0
IMG0002551.jpg,1
IMG0001739.jpg,1
IMG0003257.jpg,0
IMG0000240.jpg,0
IMG0000212.jpg,0
IMG0001179.jpg,0
IMG0002642.jpg,0
IMG0002127.jpg,1
IMG0000907.jpg,0
IMG0001123.jpg,1
IMG0000499.jpg,0
IMG0002347.jpg,1
IMG0003366.jpg,0
IMG0002366.jpg,1
IMG0000022.jpg,0
IMG0004075.jpg,0
IMG0002824.jpg,0
IMG0002126.jpg,1
IMG0002994.jpg,0
IMG0000914.jpg,0
IMG0000408.jpg,0
IMG0003332.jpg,1
IMG0002291.jpg,0
IMG0001321.jpg,0
IMG0002509.jpg,1
IMG0002037.jpg,1
IMG0003150.jpg,0
IMG0004042.jpg,1
IMG0003491.jpg,0
IMG0001879.jpg,0
IMG0002384.jpg,1
IMG0003111.jpg,1
IMG0001774.jpg,1
IMG0003595.jpg,0
IMG0000591.jpg,0
IMG0001382.jpg,1
IMG0003157.jpg,1
IMG0000844.jpg,1
IMG0001116.jpg,0
IMG0002660.jpg,0
IMG0000375.jpg,0
IMG0001199.jpg,1
IMG0001327.jpg,0
IMG0003132.jpg,1
IMG0002202.jpg,0
IMG0001130.jpg,0
IMG0001298.jpg,0
IMG0000048.jpg,0
IMG0000767.jpg,0
IMG0001258.jpg,0
IMG0001163.jpg,0
IMG0000222.jpg,0
IMG0004022.jpg,0
IMG0000316.jpg,0
IMG0002905.jpg,1
IMG0003102.jpg,1
IMG0002692.jpg,0
IMG0000558.jpg,0
IMG0000207.jpg,1
IMG0000946.jpg,0
IMG0000491.jpg,0
IMG0004106.jpg,0
IMG0003550.jpg,0
IMG0000340.jpg,0
IMG0001438.jpg,0
IMG0003105.jpg,0
IMG0001588.jpg,0
IMG0002458.jpg,1
IMG0003637.jpg,0
IMG0003164.jpg,1
IMG0002840.jpg,1
IMG0002648.jpg,0
IMG0002934.jpg,1
IMG0003548.jpg,0
IMG0002297.jpg,0
IMG0000737.jpg,0
IMG0000608.jpg,0
IMG0000681.jpg,0
IMG0001654.jpg,0
IMG0000351.jpg,1
IMG0000380.jpg,0
IMG0003094.jpg,1
IMG0003147.jpg,1
IMG0002531.jpg,1
IMG0001147.jpg,1
IMG0001105.jpg,0
IMG0001547.jpg,0
IMG0001134.jpg,0
IMG0000090.jpg,0
IMG0003761.jpg,0
IMG0003858.jpg,0
IMG0000985.jpg,0
IMG0002490.jpg,1
IMG0002848.jpg,1
IMG0002445.jpg,1
